Frame ID,QR id,QR 2D,QR 3D
0,15,"[(322.0, 96.0), (391.0, 97.0), (393.0, 170.0), (324.0, 170.0)]","dist: 37.49, yaw: -45.17, pitch: -64.92, roll: 118.40"
1,15,"[(322.0, 96.0), (391.0, 98.0), (393.0, 170.0), (324.0, 170.0)]","dist: 28.57, yaw: 162.26, pitch: 60.29, roll: -24.88"
2,15,"[(322.0, 96.0), (391.0, 98.0), (393.0, 170.0), (324.0, 170.0)]","dist: 86.86, yaw: 83.52, pitch: 87.19, roll: -90.46"
3,15,"[(322.0, 96.0), (391.0, 98.0), (393.0, 170.0), (324.0, 170.0)]","dist: 22.36, yaw: 35.52, pitch: 4.62, roll: 42.17"
4,15,"[(322.0, 96.0), (391.0, 98.0), (393.0, 170.0), (324.0, 170.0)]","dist: 96.32, yaw: -123.83, pitch: -59.10, roll: 74.44"
5,15,"[(425.0, 85.0), (495.0, 81.0), (499.0, 151.0), (430.0, 156.0)]","dist: 1.22, yaw: -123.84, pitch: -40.98, roll: -119.86"
6,15,"[(414.0, 113.0), (482.0, 108.0), (487.0, 177.0), (420.0, 182.0)]","dist: 96.99, yaw: -159.09, pitch: -86.69, roll: -119.66"
7,15,"[(386.0, 110.0), (454.0, 104.0), (462.0, 171.0), (394.0, 179.0)]","dist: 4.32, yaw: 131.82, pitch: 74.57, roll: -166.80"
8,15,"[(383.0, 121.0), (450.0, 113.0), (459.0, 182.0), (391.0, 189.0)]","dist: 89.11, yaw: 36.40, pitch: -68.80, roll: 85.10"
9,15,"[(363.0, 112.0), (431.0, 104.0), (440.0, 173.0), (372.0, 180.0)]","dist: 52.77, yaw: 74.91, pitch: 13.77, roll: 58.97"
10,15,"[(362.0, 123.0), (430.0, 115.0), (438.0, 183.0), (371.0, 191.0)]","dist: 99.30, yaw: -172.59, pitch: -40.67, roll: -9.13"
11,15,"[(358.0, 118.0), (426.0, 110.0), (435.0, 179.0), (368.0, 187.0)]","dist: 7.38, yaw: 169.17, pitch: 9.75, roll: 123.90"
12,15,"[(357.0, 117.0), (425.0, 110.0), (434.0, 177.0), (366.0, 186.0)]","dist: 55.39, yaw: 119.68, pitch: 27.26, roll: 110.04"
13,15,"[(358.0, 117.0), (427.0, 109.0), (435.0, 177.0), (368.0, 185.0)]","dist: 96.93, yaw: -103.56, pitch: 59.35, roll: 30.73"
14,15,"[(358.0, 117.0), (426.0, 110.0), (435.0, 178.0), (367.0, 186.0)]","dist: 52.31, yaw: -114.54, pitch: -52.84, roll: 132.58"
15,15,"[(356.0, 118.0), (424.0, 111.0), (433.0, 179.0), (365.0, 187.0)]","dist: 62.94, yaw: -113.97, pitch: -88.02, roll: -105.90"
16,15,"[(354.0, 120.0), (421.0, 113.0), (430.0, 182.0), (363.0, 190.0)]","dist: 69.57, yaw: -70.47, pitch: -65.36, roll: -139.71"
17,15,"[(354.0, 123.0), (422.0, 115.0), (431.0, 184.0), (363.0, 191.0)]","dist: 45.45, yaw: 8.91, pitch: 72.00, roll: -82.89"
18,15,"[(357.0, 128.0), (424.0, 120.0), (434.0, 189.0), (366.0, 196.0)]","dist: 62.76, yaw: -24.50, pitch: 67.30, roll: -159.45"
19,15,"[(358.0, 129.0), (425.0, 121.0), (434.0, 190.0), (367.0, 197.0)]","dist: 58.43, yaw: -75.16, pitch: 17.53, roll: 11.22"
20,15,"[(362.0, 132.0), (430.0, 124.0), (439.0, 192.0), (372.0, 200.0)]","dist: 90.12, yaw: 40.27, pitch: 18.09, roll: 157.18"
21,15,"[(362.0, 130.0), (430.0, 123.0), (438.0, 191.0), (372.0, 199.0)]","dist: 4.54, yaw: -129.78, pitch: 29.71, roll: -165.84"
22,15,"[(363.0, 130.0), (431.0, 123.0), (439.0, 191.0), (372.0, 198.0)]","dist: 28.10, yaw: -74.83, pitch: -58.43, roll: -136.04"
23,15,"[(364.0, 130.0), (431.0, 122.0), (440.0, 190.0), (373.0, 198.0)]","dist: 95.04, yaw: -48.11, pitch: 74.59, roll: -17.21"
24,15,"[(364.0, 130.0), (432.0, 122.0), (440.0, 190.0), (374.0, 198.0)]","dist: 89.03, yaw: -15.81, pitch: -14.62, roll: 156.20"
25,15,"[(365.0, 132.0), (433.0, 124.0), (441.0, 192.0), (374.0, 199.0)]","dist: 45.57, yaw: 102.66, pitch: -21.04, roll: -66.18"
26,15,"[(365.0, 133.0), (433.0, 126.0), (441.0, 193.0), (374.0, 201.0)]","dist: 62.01, yaw: -108.12, pitch: 3.41, roll: 2.60"
27,15,"[(365.0, 133.0), (433.0, 126.0), (441.0, 193.0), (373.0, 200.0)]","dist: 27.74, yaw: 5.12, pitch: -81.55, roll: -165.03"
28,15,"[(368.0, 135.0), (436.0, 129.0), (443.0, 197.0), (376.0, 203.0)]","dist: 18.81, yaw: 33.27, pitch: -60.07, roll: -126.60"
29,15,"[(368.0, 135.0), (435.0, 129.0), (442.0, 197.0), (375.0, 203.0)]","dist: 46.37, yaw: -163.28, pitch: 42.85, roll: 175.19"
30,15,"[(366.0, 136.0), (432.0, 130.0), (440.0, 198.0), (372.0, 204.0)]","dist: 35.34, yaw: 38.72, pitch: -75.10, roll: 167.44"
31,15,"[(361.0, 136.0), (429.0, 130.0), (436.0, 198.0), (368.0, 203.0)]","dist: 58.37, yaw: -118.61, pitch: 18.57, roll: -178.22"
32,15,"[(358.0, 137.0), (425.0, 131.0), (432.0, 199.0), (365.0, 205.0)]","dist: 7.77, yaw: -156.58, pitch: -45.84, roll: 162.65"
33,15,"[(357.0, 138.0), (425.0, 132.0), (432.0, 200.0), (365.0, 206.0)]","dist: 97.44, yaw: 161.60, pitch: -19.93, roll: 50.08"
34,15,"[(360.0, 138.0), (428.0, 133.0), (434.0, 201.0), (367.0, 206.0)]","dist: 98.62, yaw: 167.63, pitch: -38.04, roll: 132.45"
35,15,"[(351.0, 145.0), (420.0, 140.0), (426.0, 207.0), (359.0, 213.0)]","dist: 69.82, yaw: 111.02, pitch: -25.98, roll: -16.29"
36,15,"[(343.0, 130.0), (411.0, 126.0), (416.0, 194.0), (348.0, 198.0)]","dist: 53.61, yaw: -70.34, pitch: 39.43, roll: 5.61"
37,15,"[(355.0, 138.0), (422.0, 136.0), (427.0, 205.0), (360.0, 208.0)]","dist: 30.95, yaw: -144.84, pitch: -36.52, roll: -4.02"
38,15,"[(355.0, 144.0), (423.0, 141.0), (427.0, 210.0), (359.0, 212.0)]","dist: 81.38, yaw: 66.32, pitch: 11.95, roll: 60.07"
39,15,"[(367.0, 153.0), (435.0, 152.0), (438.0, 219.0), (371.0, 222.0)]","dist: 68.47, yaw: -21.55, pitch: -4.31, roll: -129.73"
40,15,"[(385.0, 157.0), (452.0, 156.0), (456.0, 223.0), (389.0, 226.0)]","dist: 16.26, yaw: -136.07, pitch: 29.46, roll: -169.21"
41,15,"[(392.0, 154.0), (460.0, 152.0), (463.0, 220.0), (395.0, 222.0)]","dist: 91.09, yaw: -1.74, pitch: 78.63, roll: -69.15"
42,15,"[(395.0, 160.0), (463.0, 158.0), (465.0, 226.0), (399.0, 229.0)]","dist: 82.25, yaw: -167.62, pitch: 41.86, roll: 73.69"
43,15,"[(396.0, 165.0), (463.0, 162.0), (467.0, 230.0), (400.0, 233.0)]","dist: 94.98, yaw: 147.36, pitch: -51.31, roll: -107.33"
44,15,"[(402.0, 166.0), (470.0, 163.0), (473.0, 231.0), (406.0, 233.0)]","dist: 72.57, yaw: -86.84, pitch: -84.39, roll: 62.44"
45,15,"[(403.0, 166.0), (471.0, 163.0), (474.0, 231.0), (407.0, 233.0)]","dist: 61.34, yaw: 58.51, pitch: -42.79, roll: 169.17"
46,15,"[(408.0, 168.0), (475.0, 166.0), (479.0, 233.0), (412.0, 236.0)]","dist: 41.82, yaw: -67.78, pitch: 17.11, roll: -146.20"
47,15,"[(404.0, 164.0), (472.0, 161.0), (476.0, 228.0), (409.0, 232.0)]","dist: 93.27, yaw: 7.22, pitch: -80.74, roll: 62.14"
48,15,"[(405.0, 164.0), (473.0, 160.0), (477.0, 228.0), (409.0, 231.0)]","dist: 86.61, yaw: 16.82, pitch: -0.65, roll: -20.25"
49,15,"[(402.0, 159.0), (469.0, 156.0), (474.0, 224.0), (405.0, 227.0)]","dist: 4.52, yaw: -113.45, pitch: 17.43, roll: 132.53"
50,15,"[(400.0, 160.0), (467.0, 157.0), (471.0, 225.0), (403.0, 228.0)]","dist: 2.64, yaw: 169.05, pitch: -29.84, roll: -116.23"
51,15,"[(396.0, 169.0), (464.0, 166.0), (468.0, 234.0), (400.0, 238.0)]","dist: 37.65, yaw: 99.05, pitch: 48.76, roll: 69.35"
52,15,"[(389.0, 176.0), (457.0, 173.0), (461.0, 241.0), (394.0, 245.0)]","dist: 81.06, yaw: 158.22, pitch: -70.81, roll: 121.72"
53,15,"[(376.0, 184.0), (445.0, 179.0), (449.0, 246.0), (381.0, 251.0)]","dist: 98.73, yaw: 142.14, pitch: -76.48, roll: 160.06"
54,15,"[(356.0, 184.0), (424.0, 180.0), (428.0, 247.0), (361.0, 253.0)]","dist: 15.04, yaw: 35.24, pitch: 41.07, roll: 65.97"
55,15,"[(344.0, 198.0), (413.0, 193.0), (418.0, 260.0), (350.0, 265.0)]","dist: 59.41, yaw: 151.87, pitch: -0.81, roll: -1.02"
56,15,"[(343.0, 186.0), (411.0, 183.0), (415.0, 252.0), (346.0, 255.0)]","dist: 38.09, yaw: -148.14, pitch: 33.91, roll: 42.43"
57,15,"[(318.0, 190.0), (387.0, 186.0), (392.0, 254.0), (324.0, 258.0)]","dist: 96.99, yaw: -109.45, pitch: -11.73, roll: 132.81"
58,15,"[(310.0, 184.0), (379.0, 180.0), (384.0, 248.0), (315.0, 253.0)]","dist: 84.21, yaw: -163.72, pitch: -45.65, roll: 25.42"
59,15,"[(300.0, 187.0), (369.0, 182.0), (375.0, 250.0), (306.0, 255.0)]","dist: 83.83, yaw: -62.88, pitch: 57.44, roll: -169.06"
60,15,"[(290.0, 197.0), (359.0, 192.0), (364.0, 261.0), (296.0, 266.0)]","dist: 46.87, yaw: -40.08, pitch: 53.89, roll: 155.14"
61,15,"[(284.0, 198.0), (352.0, 192.0), (360.0, 261.0), (291.0, 267.0)]","dist: 41.48, yaw: -82.31, pitch: 35.05, roll: 68.23"
62,15,"[(286.0, 200.0), (355.0, 195.0), (361.0, 263.0), (293.0, 269.0)]","dist: 27.34, yaw: 118.35, pitch: -41.01, roll: 63.54"
63,15,"[(282.0, 205.0), (350.0, 197.0), (359.0, 265.0), (290.0, 273.0)]","dist: 5.64, yaw: -51.57, pitch: 16.24, roll: -102.36"
64,15,"[(288.0, 216.0), (356.0, 209.0), (365.0, 276.0), (296.0, 284.0)]","dist: 86.47, yaw: -78.86, pitch: -25.02, roll: 57.20"
65,15,"[(295.0, 210.0), (363.0, 203.0), (371.0, 271.0), (303.0, 278.0)]","dist: 81.29, yaw: 15.37, pitch: -73.52, roll: -38.21"
66,15,"[(298.0, 217.0), (367.0, 211.0), (373.0, 279.0), (305.0, 284.0)]","dist: 99.97, yaw: -129.27, pitch: 75.12, roll: 54.44"
67,15,"[(310.0, 221.0), (378.0, 217.0), (383.0, 284.0), (315.0, 289.0)]","dist: 99.66, yaw: 108.79, pitch: -65.37, roll: -141.63"
68,15,"[(312.0, 229.0), (379.0, 225.0), (383.0, 293.0), (317.0, 297.0)]","dist: 55.54, yaw: -153.16, pitch: 81.04, roll: 56.82"
69,15,"[(310.0, 231.0), (376.0, 226.0), (380.0, 293.0), (314.0, 297.0)]","dist: 76.90, yaw: 175.28, pitch: -9.72, roll: 179.79"
70,15,"[(296.0, 228.0), (363.0, 224.0), (366.0, 291.0), (300.0, 295.0)]","dist: 94.48, yaw: 98.01, pitch: -56.68, roll: -162.64"
71,15,"[(285.0, 233.0), (353.0, 228.0), (357.0, 295.0), (290.0, 300.0)]","dist: 84.96, yaw: -108.46, pitch: 7.54, roll: 171.78"
72,15,"[(264.0, 232.0), (331.0, 227.0), (336.0, 294.0), (268.0, 299.0)]","dist: 24.73, yaw: -178.01, pitch: 67.13, roll: -33.51"
73,15,"[(251.0, 238.0), (319.0, 233.0), (323.0, 300.0), (256.0, 305.0)]","dist: 45.05, yaw: 113.57, pitch: 41.80, roll: 133.47"
74,15,"[(238.0, 236.0), (306.0, 231.0), (311.0, 299.0), (244.0, 304.0)]","dist: 12.92, yaw: 74.47, pitch: 55.18, roll: 101.66"
75,15,"[(237.0, 239.0), (305.0, 234.0), (310.0, 301.0), (242.0, 306.0)]","dist: 95.41, yaw: 82.44, pitch: 28.58, roll: 24.13"
76,15,"[(208.0, 233.0), (277.0, 228.0), (283.0, 295.0), (214.0, 301.0)]","dist: 60.62, yaw: 97.66, pitch: 34.61, roll: 85.84"
77,15,"[(187.0, 225.0), (257.0, 219.0), (264.0, 288.0), (193.0, 293.0)]","dist: 22.86, yaw: -153.34, pitch: 62.86, roll: 136.27"
78,15,"[(176.0, 219.0), (247.0, 214.0), (252.0, 282.0), (182.0, 288.0)]","dist: 67.17, yaw: -50.95, pitch: -45.06, roll: -34.51"
79,15,"[(137.0, 221.0), (208.0, 215.0), (215.0, 285.0), (144.0, 292.0)]","dist: 61.81, yaw: -138.29, pitch: -1.90, roll: -62.27"
80,15,"[(130.0, 221.0), (202.0, 215.0), (208.0, 285.0), (138.0, 291.0)]","dist: 35.82, yaw: 130.72, pitch: -50.18, roll: 60.33"
81,15,"[(109.0, 222.0), (181.0, 216.0), (189.0, 285.0), (117.0, 292.0)]","dist: 11.36, yaw: 44.39, pitch: 87.78, roll: 110.82"
82,15,"[(121.0, 211.0), (193.0, 208.0), (198.0, 277.0), (127.0, 283.0)]","dist: 67.16, yaw: -60.88, pitch: 79.93, roll: 94.42"
83,15,"[(114.0, 210.0), (186.0, 206.0), (191.0, 277.0), (119.0, 282.0)]","dist: 52.03, yaw: -157.12, pitch: -82.90, roll: 107.21"
84,15,"[(112.0, 212.0), (183.0, 207.0), (190.0, 278.0), (118.0, 283.0)]","dist: 77.23, yaw: -68.05, pitch: 37.00, roll: -23.19"
85,15,"[(102.0, 209.0), (175.0, 204.0), (180.0, 274.0), (108.0, 279.0)]","dist: 52.02, yaw: -62.93, pitch: 76.54, roll: 114.42"
86,15,"[(72.0, 211.0), (145.0, 205.0), (151.0, 277.0), (78.0, 282.0)]","dist: 85.22, yaw: 82.66, pitch: -57.50, roll: -136.72"
87,15,"[(28.0, 214.0), (105.0, 210.0), (110.0, 282.0), (34.0, 287.0)]","dist: 55.19, yaw: 49.52, pitch: 12.23, roll: 16.02"
88,15,"[(25.0, 214.0), (102.0, 209.0), (108.0, 282.0), (31.0, 287.0)]","dist: 56.09, yaw: 139.40, pitch: 74.79, roll: -177.93"
89,15,"[(16.0, 212.0), (91.0, 209.0), (98.0, 282.0), (21.0, 287.0)]","dist: 87.67, yaw: -10.00, pitch: -83.89, roll: -63.15"
90,15,"[(8.0, 211.0), (85.0, 208.0), (91.0, 282.0), (14.0, 286.0)]","dist: 40.35, yaw: -136.95, pitch: 35.54, roll: -48.07"
118,15,"[(19.0, 233.0), (98.0, 229.0), (105.0, 303.0), (26.0, 308.0)]","dist: 32.88, yaw: 141.32, pitch: 66.62, roll: -173.44"
119,15,"[(29.0, 231.0), (108.0, 229.0), (113.0, 303.0), (35.0, 307.0)]","dist: 63.34, yaw: 14.16, pitch: -86.17, roll: -109.52"
120,15,"[(48.0, 226.0), (127.0, 223.0), (132.0, 297.0), (54.0, 301.0)]","dist: 24.01, yaw: 110.68, pitch: 67.45, roll: -177.28"
121,15,"[(73.0, 222.0), (150.0, 219.0), (155.0, 292.0), (80.0, 297.0)]","dist: 7.59, yaw: 142.59, pitch: 5.21, roll: 53.09"
122,15,"[(83.0, 216.0), (159.0, 213.0), (165.0, 285.0), (89.0, 290.0)]","dist: 12.89, yaw: -65.52, pitch: 79.03, roll: 143.29"
123,15,"[(99.0, 205.0), (175.0, 201.0), (180.0, 274.0), (106.0, 279.0)]","dist: 12.80, yaw: -140.38, pitch: 53.78, roll: -92.35"
124,15,"[(108.0, 200.0), (183.0, 195.0), (189.0, 268.0), (116.0, 273.0)]","dist: 15.19, yaw: -97.94, pitch: 89.63, roll: 153.73"
125,15,"[(114.0, 197.0), (188.0, 192.0), (194.0, 266.0), (120.0, 270.0)]","dist: 13.88, yaw: -26.24, pitch: -26.87, roll: -158.30"
126,15,"[(125.0, 199.0), (199.0, 196.0), (205.0, 269.0), (131.0, 274.0)]","dist: 64.09, yaw: 114.49, pitch: 48.09, roll: 156.40"
127,15,"[(133.0, 203.0), (207.0, 199.0), (213.0, 273.0), (138.0, 277.0)]","dist: 18.19, yaw: 129.86, pitch: -17.65, roll: -53.42"
128,15,"[(130.0, 217.0), (207.0, 212.0), (212.0, 286.0), (137.0, 291.0)]","dist: 34.57, yaw: -177.50, pitch: -3.62, roll: -143.49"
129,15,"[(124.0, 202.0), (201.0, 198.0), (206.0, 273.0), (130.0, 278.0)]","dist: 89.68, yaw: 3.87, pitch: 22.95, roll: -5.09"
130,15,"[(124.0, 205.0), (203.0, 199.0), (211.0, 273.0), (134.0, 280.0)]","dist: 47.40, yaw: -29.73, pitch: 67.26, roll: -87.56"
131,15,"[(133.0, 202.0), (211.0, 196.0), (220.0, 271.0), (143.0, 277.0)]","dist: 66.76, yaw: -100.04, pitch: 87.14, roll: -77.45"
132,15,"[(149.0, 200.0), (227.0, 195.0), (235.0, 269.0), (158.0, 276.0)]","dist: 17.23, yaw: -136.85, pitch: 48.29, roll: -69.38"
133,15,"[(176.0, 199.0), (255.0, 194.0), (261.0, 269.0), (185.0, 274.0)]","dist: 19.23, yaw: -58.46, pitch: -14.80, roll: 109.09"
134,15,"[(197.0, 202.0), (274.0, 197.0), (281.0, 271.0), (205.0, 277.0)]","dist: 4.09, yaw: 159.45, pitch: -14.16, roll: 14.10"
135,15,"[(212.0, 210.0), (287.0, 204.0), (295.0, 279.0), (221.0, 285.0)]","dist: 16.89, yaw: -63.65, pitch: 42.76, roll: -67.93"
136,15,"[(220.0, 215.0), (295.0, 210.0), (302.0, 283.0), (226.0, 289.0)]","dist: 27.86, yaw: 6.76, pitch: -47.02, roll: 39.72"
137,15,"[(227.0, 206.0), (301.0, 200.0), (308.0, 274.0), (235.0, 280.0)]","dist: 17.70, yaw: 73.09, pitch: -70.11, roll: 77.81"
138,15,"[(232.0, 195.0), (307.0, 189.0), (313.0, 263.0), (239.0, 268.0)]","dist: 8.87, yaw: -49.09, pitch: -26.17, roll: -81.86"
139,15,"[(236.0, 194.0), (310.0, 189.0), (317.0, 263.0), (243.0, 268.0)]","dist: 12.06, yaw: 169.84, pitch: -38.30, roll: -31.12"
140,15,"[(243.0, 201.0), (317.0, 197.0), (323.0, 271.0), (248.0, 275.0)]","dist: 46.08, yaw: 166.48, pitch: -36.66, roll: -136.12"
141,15,"[(250.0, 212.0), (325.0, 207.0), (332.0, 280.0), (257.0, 286.0)]","dist: 20.63, yaw: -89.36, pitch: -47.95, roll: -114.79"
142,15,"[(252.0, 225.0), (327.0, 219.0), (334.0, 292.0), (260.0, 299.0)]","dist: 36.43, yaw: -0.99, pitch: -82.42, roll: 65.20"
143,15,"[(257.0, 231.0), (331.0, 225.0), (339.0, 297.0), (265.0, 304.0)]","dist: 50.34, yaw: -71.68, pitch: -86.78, roll: -114.68"
144,15,"[(277.0, 224.0), (351.0, 219.0), (358.0, 292.0), (284.0, 298.0)]","dist: 69.04, yaw: -77.46, pitch: 87.79, roll: 9.06"
145,15,"[(290.0, 224.0), (363.0, 219.0), (370.0, 291.0), (296.0, 297.0)]","dist: 3.93, yaw: -166.72, pitch: -13.00, roll: 75.26"
146,15,"[(296.0, 223.0), (369.0, 219.0), (375.0, 291.0), (302.0, 296.0)]","dist: 79.94, yaw: 39.44, pitch: -20.82, roll: -141.52"
147,15,"[(319.0, 208.0), (391.0, 204.0), (398.0, 276.0), (325.0, 281.0)]","dist: 62.79, yaw: 0.96, pitch: 32.34, roll: 24.23"
148,15,"[(323.0, 199.0), (396.0, 195.0), (402.0, 266.0), (329.0, 271.0)]","dist: 8.18, yaw: -161.47, pitch: -50.71, roll: -87.64"
149,15,"[(326.0, 192.0), (399.0, 186.0), (406.0, 257.0), (333.0, 263.0)]","dist: 87.36, yaw: -79.69, pitch: 80.99, roll: 166.65"
150,15,"[(340.0, 168.0), (412.0, 163.0), (419.0, 235.0), (347.0, 240.0)]","dist: 92.09, yaw: 146.98, pitch: 51.54, roll: -5.92"
151,15,"[(347.0, 161.0), (419.0, 156.0), (425.0, 229.0), (353.0, 234.0)]","dist: 6.11, yaw: -93.76, pitch: -73.91, roll: 110.16"
152,15,"[(348.0, 160.0), (420.0, 155.0), (426.0, 228.0), (353.0, 233.0)]","dist: 27.69, yaw: -127.84, pitch: -14.84, roll: 18.08"
153,15,"[(344.0, 162.0), (417.0, 158.0), (422.0, 230.0), (350.0, 235.0)]","dist: 80.62, yaw: -3.80, pitch: 68.24, roll: -164.37"
154,15,"[(344.0, 168.0), (416.0, 164.0), (422.0, 236.0), (350.0, 241.0)]","dist: 74.83, yaw: 174.83, pitch: 80.05, roll: 47.93"
155,15,"[(347.0, 175.0), (420.0, 171.0), (425.0, 243.0), (353.0, 247.0)]","dist: 18.45, yaw: -92.86, pitch: -5.87, roll: 162.51"
156,15,"[(344.0, 185.0), (416.0, 180.0), (422.0, 252.0), (349.0, 257.0)]","dist: 20.93, yaw: 61.97, pitch: 20.41, roll: 36.58"
157,15,"[(340.0, 187.0), (412.0, 183.0), (418.0, 255.0), (345.0, 259.0)]","dist: 37.05, yaw: 94.18, pitch: -59.93, roll: 114.91"
158,15,"[(352.0, 179.0), (423.0, 176.0), (429.0, 247.0), (358.0, 252.0)]","dist: 48.45, yaw: -94.45, pitch: 88.41, roll: 138.31"
159,15,"[(373.0, 177.0), (445.0, 174.0), (450.0, 245.0), (379.0, 249.0)]","dist: 61.83, yaw: 82.16, pitch: -48.30, roll: -97.89"
160,15,"[(418.0, 185.0), (488.0, 180.0), (495.0, 252.0), (425.0, 257.0)]","dist: 36.89, yaw: -47.60, pitch: 79.69, roll: -103.66"
161,15,"[(453.0, 184.0), (524.0, 181.0), (529.0, 252.0), (459.0, 257.0)]","dist: 46.25, yaw: 47.63, pitch: 26.94, roll: 39.95"
162,15,"[(459.0, 187.0), (530.0, 182.0), (535.0, 254.0), (464.0, 258.0)]","dist: 74.75, yaw: 48.07, pitch: 19.39, roll: -32.03"
163,15,"[(478.0, 189.0), (548.0, 184.0), (554.0, 255.0), (484.0, 261.0)]","dist: 3.67, yaw: 12.88, pitch: 2.28, roll: 122.35"
164,15,"[(487.0, 183.0), (557.0, 178.0), (563.0, 248.0), (493.0, 254.0)]","dist: 25.24, yaw: -147.50, pitch: -48.48, roll: 144.01"
165,15,"[(496.0, 175.0), (566.0, 170.0), (572.0, 240.0), (501.0, 246.0)]","dist: 71.33, yaw: 120.71, pitch: -58.22, roll: -52.77"
166,15,"[(509.0, 165.0), (579.0, 160.0), (584.0, 231.0), (514.0, 236.0)]","dist: 89.52, yaw: -64.52, pitch: -50.31, roll: -94.73"
167,15,"[(514.0, 160.0), (584.0, 155.0), (589.0, 226.0), (519.0, 232.0)]","dist: 51.17, yaw: -112.85, pitch: -56.44, roll: 100.99"
168,15,"[(516.0, 166.0), (586.0, 161.0), (591.0, 232.0), (521.0, 237.0)]","dist: 53.21, yaw: -165.32, pitch: 50.33, roll: -81.07"
169,15,"[(516.0, 175.0), (586.0, 169.0), (591.0, 239.0), (523.0, 245.0)]","dist: 10.72, yaw: 32.72, pitch: -26.98, roll: 116.14"
170,15,"[(516.0, 184.0), (585.0, 178.0), (591.0, 248.0), (522.0, 254.0)]","dist: 44.74, yaw: 63.92, pitch: -79.59, roll: -27.45"
171,15,"[(506.0, 179.0), (575.0, 172.0), (581.0, 241.0), (513.0, 248.0)]","dist: 53.26, yaw: -174.03, pitch: 84.44, roll: 60.32"
172,15,"[(484.0, 190.0), (552.0, 182.0), (559.0, 250.0), (492.0, 257.0)]","dist: 24.25, yaw: 4.35, pitch: 69.08, roll: -145.61"
173,15,"[(485.0, 184.0), (552.0, 178.0), (560.0, 246.0), (493.0, 253.0)]","dist: 26.92, yaw: -98.46, pitch: 77.00, roll: 44.59"
174,15,"[(491.0, 187.0), (557.0, 181.0), (564.0, 249.0), (498.0, 255.0)]","dist: 37.73, yaw: 52.26, pitch: 89.08, roll: -17.36"
175,15,"[(498.0, 195.0), (564.0, 190.0), (570.0, 257.0), (504.0, 263.0)]","dist: 2.01, yaw: -117.23, pitch: -58.70, roll: 31.18"
176,15,"[(512.0, 203.0), (578.0, 200.0), (583.0, 266.0), (517.0, 271.0)]","dist: 32.21, yaw: 68.74, pitch: -18.68, roll: -119.51"
177,15,"[(523.0, 208.0), (589.0, 204.0), (594.0, 270.0), (528.0, 275.0)]","dist: 21.14, yaw: -40.78, pitch: 46.48, roll: 85.27"
178,15,"[(520.0, 210.0), (586.0, 205.0), (591.0, 272.0), (526.0, 276.0)]","dist: 32.75, yaw: 157.22, pitch: 35.28, roll: 130.61"
179,15,"[(516.0, 204.0), (581.0, 200.0), (586.0, 267.0), (520.0, 271.0)]","dist: 11.98, yaw: -130.49, pitch: -62.30, roll: -101.97"
180,15,"[(516.0, 199.0), (582.0, 196.0), (586.0, 263.0), (521.0, 267.0)]","dist: 89.05, yaw: -57.22, pitch: 56.85, roll: -145.54"
181,15,"[(515.0, 196.0), (582.0, 193.0), (585.0, 260.0), (520.0, 264.0)]","dist: 59.36, yaw: -139.15, pitch: -49.60, roll: -171.49"
182,15,"[(514.0, 190.0), (580.0, 187.0), (585.0, 254.0), (519.0, 258.0)]","dist: 67.91, yaw: 152.89, pitch: -49.71, roll: 51.11"
183,15,"[(516.0, 189.0), (583.0, 186.0), (587.0, 252.0), (521.0, 257.0)]","dist: 78.92, yaw: 135.84, pitch: 6.66, roll: 38.55"
184,15,"[(518.0, 185.0), (585.0, 182.0), (588.0, 249.0), (523.0, 253.0)]","dist: 49.84, yaw: -87.14, pitch: 16.73, roll: 16.81"
185,15,"[(518.0, 184.0), (584.0, 182.0), (587.0, 250.0), (522.0, 253.0)]","dist: 8.69, yaw: 57.59, pitch: 14.42, roll: -96.50"
186,15,"[(514.0, 188.0), (581.0, 185.0), (584.0, 252.0), (518.0, 255.0)]","dist: 53.71, yaw: 114.20, pitch: -73.53, roll: -39.27"
187,15,"[(512.0, 190.0), (578.0, 186.0), (582.0, 254.0), (517.0, 257.0)]","dist: 58.68, yaw: 19.87, pitch: 67.94, roll: 34.01"
188,15,"[(511.0, 189.0), (576.0, 186.0), (580.0, 254.0), (514.0, 257.0)]","dist: 74.54, yaw: 10.67, pitch: -42.19, roll: -1.16"
189,15,"[(507.0, 187.0), (573.0, 185.0), (577.0, 251.0), (511.0, 255.0)]","dist: 43.17, yaw: -92.93, pitch: -66.69, roll: 175.60"
190,15,"[(503.0, 185.0), (569.0, 182.0), (573.0, 249.0), (507.0, 253.0)]","dist: 12.76, yaw: -146.48, pitch: 69.97, roll: -130.88"
191,15,"[(497.0, 182.0), (563.0, 179.0), (567.0, 246.0), (501.0, 250.0)]","dist: 28.38, yaw: 143.00, pitch: 82.02, roll: 70.25"
192,15,"[(491.0, 181.0), (557.0, 179.0), (561.0, 246.0), (495.0, 250.0)]","dist: 36.31, yaw: 144.15, pitch: 65.18, roll: -34.45"
193,15,"[(475.0, 178.0), (542.0, 175.0), (546.0, 242.0), (479.0, 246.0)]","dist: 64.59, yaw: 47.92, pitch: 55.71, roll: -25.85"
194,15,"[(467.0, 178.0), (535.0, 175.0), (539.0, 242.0), (472.0, 246.0)]","dist: 57.08, yaw: -57.95, pitch: 27.94, roll: 78.34"
195,15,"[(455.0, 174.0), (523.0, 171.0), (527.0, 239.0), (460.0, 243.0)]","dist: 35.61, yaw: -54.28, pitch: 9.15, roll: 69.28"
196,15,"[(456.0, 168.0), (523.0, 165.0), (528.0, 234.0), (460.0, 238.0)]","dist: 98.65, yaw: 81.34, pitch: -74.34, roll: 176.85"
197,15,"[(469.0, 159.0), (538.0, 158.0), (541.0, 227.0), (472.0, 229.0)]","dist: 60.58, yaw: 142.96, pitch: -16.48, roll: -133.78"
198,15,"[(477.0, 160.0), (546.0, 160.0), (548.0, 229.0), (479.0, 231.0)]","dist: 23.72, yaw: 139.35, pitch: -22.92, roll: -142.52"
199,15,"[(477.0, 145.0), (547.0, 146.0), (546.0, 216.0), (477.0, 216.0)]","dist: 10.18, yaw: 100.76, pitch: -43.24, roll: 80.76"
200,15,"[(455.0, 144.0), (525.0, 144.0), (525.0, 214.0), (456.0, 215.0)]","dist: 15.29, yaw: 51.13, pitch: 40.22, roll: 28.22"
201,15,"[(420.0, 157.0), (490.0, 153.0), (493.0, 224.0), (424.0, 227.0)]","dist: 24.60, yaw: -149.71, pitch: -0.74, roll: -81.30"
202,15,"[(399.0, 154.0), (469.0, 152.0), (472.0, 222.0), (402.0, 225.0)]","dist: 16.07, yaw: -121.81, pitch: -75.41, roll: -151.41"
203,15,"[(378.0, 153.0), (447.0, 150.0), (452.0, 221.0), (383.0, 225.0)]","dist: 18.66, yaw: 143.48, pitch: -50.37, roll: -149.16"
204,15,"[(370.0, 144.0), (440.0, 142.0), (444.0, 213.0), (375.0, 216.0)]","dist: 28.51, yaw: 38.31, pitch: 32.99, roll: 141.91"
205,15,"[(365.0, 139.0), (435.0, 136.0), (440.0, 207.0), (371.0, 211.0)]","dist: 17.34, yaw: -176.69, pitch: -76.30, roll: -110.93"
206,15,"[(366.0, 137.0), (436.0, 134.0), (441.0, 205.0), (371.0, 209.0)]","dist: 89.68, yaw: -143.47, pitch: 63.22, roll: -63.59"
207,15,"[(359.0, 132.0), (430.0, 130.0), (435.0, 201.0), (364.0, 205.0)]","dist: 8.02, yaw: 58.86, pitch: -0.87, roll: -98.40"
208,15,"[(363.0, 140.0), (434.0, 137.0), (439.0, 209.0), (368.0, 212.0)]","dist: 52.45, yaw: -178.18, pitch: -3.49, roll: -52.20"
209,15,"[(380.0, 141.0), (451.0, 138.0), (456.0, 209.0), (385.0, 214.0)]","dist: 41.04, yaw: -122.11, pitch: 16.63, roll: -155.01"
210,15,"[(387.0, 148.0), (459.0, 144.0), (463.0, 217.0), (392.0, 220.0)]","dist: 98.24, yaw: 17.54, pitch: 58.44, roll: 6.86"
211,15,"[(401.0, 160.0), (473.0, 156.0), (476.0, 228.0), (406.0, 231.0)]","dist: 11.20, yaw: 69.08, pitch: -27.39, roll: -155.66"
212,15,"[(408.0, 163.0), (479.0, 160.0), (483.0, 231.0), (412.0, 234.0)]","dist: 39.79, yaw: 54.71, pitch: 32.04, roll: 108.13"
213,15,"[(405.0, 160.0), (476.0, 157.0), (479.0, 229.0), (409.0, 232.0)]","dist: 96.95, yaw: -99.26, pitch: 11.83, roll: -95.86"
214,15,"[(399.0, 173.0), (470.0, 169.0), (473.0, 241.0), (404.0, 244.0)]","dist: 86.55, yaw: 76.38, pitch: -41.93, roll: 14.40"
215,15,"[(400.0, 176.0), (471.0, 173.0), (475.0, 243.0), (404.0, 247.0)]","dist: 81.71, yaw: -94.59, pitch: 68.15, roll: 136.83"
216,15,"[(406.0, 163.0), (477.0, 159.0), (481.0, 230.0), (411.0, 234.0)]","dist: 25.79, yaw: -62.86, pitch: 53.54, roll: 54.32"
217,15,"[(396.0, 152.0), (467.0, 148.0), (472.0, 220.0), (400.0, 224.0)]","dist: 17.09, yaw: 88.74, pitch: 28.52, roll: 11.86"
218,15,"[(392.0, 147.0), (463.0, 143.0), (468.0, 216.0), (397.0, 220.0)]","dist: 66.86, yaw: 53.87, pitch: 63.10, roll: -63.24"
219,15,"[(392.0, 148.0), (463.0, 145.0), (468.0, 217.0), (397.0, 221.0)]","dist: 92.94, yaw: 125.72, pitch: 66.11, roll: -60.12"
220,15,"[(392.0, 145.0), (464.0, 140.0), (467.0, 214.0), (396.0, 217.0)]","dist: 55.68, yaw: 56.74, pitch: 37.51, roll: 61.02"
221,15,"[(390.0, 150.0), (461.0, 147.0), (465.0, 219.0), (395.0, 223.0)]","dist: 57.16, yaw: 24.59, pitch: 60.66, roll: 177.89"
222,15,"[(390.0, 152.0), (462.0, 148.0), (465.0, 220.0), (395.0, 224.0)]","dist: 28.00, yaw: -146.28, pitch: 35.54, roll: 58.26"
223,15,"[(389.0, 147.0), (461.0, 144.0), (464.0, 216.0), (394.0, 219.0)]","dist: 76.95, yaw: -47.62, pitch: 32.43, roll: 20.80"
224,15,"[(379.0, 141.0), (450.0, 138.0), (455.0, 211.0), (383.0, 214.0)]","dist: 18.70, yaw: -84.53, pitch: 21.35, roll: 83.03"
225,15,"[(381.0, 129.0), (453.0, 126.0), (457.0, 199.0), (385.0, 202.0)]","dist: 32.37, yaw: -92.16, pitch: 45.49, roll: -12.53"
226,15,"[(381.0, 127.0), (453.0, 124.0), (457.0, 198.0), (385.0, 200.0)]","dist: 42.54, yaw: 170.28, pitch: -61.45, roll: -158.35"
227,15,"[(382.0, 114.0), (455.0, 111.0), (458.0, 185.0), (386.0, 187.0)]","dist: 50.76, yaw: -38.48, pitch: 68.56, roll: 22.43"
228,15,"[(383.0, 108.0), (457.0, 106.0), (460.0, 179.0), (387.0, 182.0)]","dist: 24.24, yaw: 141.14, pitch: 66.93, roll: 164.75"
229,15,"[(390.0, 118.0), (465.0, 115.0), (468.0, 189.0), (395.0, 192.0)]","dist: 11.48, yaw: 47.21, pitch: -84.74, roll: -116.89"
230,15,"[(401.0, 124.0), (477.0, 121.0), (479.0, 197.0), (405.0, 199.0)]","dist: 61.06, yaw: 106.13, pitch: 58.65, roll: 68.40"
231,15,"[(410.0, 138.0), (486.0, 136.0), (489.0, 211.0), (414.0, 215.0)]","dist: 28.86, yaw: 0.95, pitch: -66.80, roll: -107.66"
232,15,"[(423.0, 135.0), (500.0, 133.0), (502.0, 209.0), (428.0, 212.0)]","dist: 58.12, yaw: 27.69, pitch: -29.68, roll: 12.90"
233,15,"[(448.0, 122.0), (526.0, 120.0), (529.0, 199.0), (452.0, 203.0)]","dist: 15.44, yaw: -2.69, pitch: 43.83, roll: -145.20"
234,15,"[(463.0, 116.0), (542.0, 113.0), (546.0, 193.0), (468.0, 197.0)]","dist: 48.11, yaw: -109.71, pitch: -61.06, roll: -17.87"
235,15,"[(475.0, 98.0), (556.0, 94.0), (559.0, 176.0), (479.0, 180.0)]","dist: 53.26, yaw: 80.08, pitch: 57.23, roll: 92.22"
236,15,"[(470.0, 107.0), (554.0, 104.0), (556.0, 188.0), (474.0, 191.0)]","dist: 5.18, yaw: -78.92, pitch: 59.78, roll: -54.87"
237,15,"[(464.0, 111.0), (549.0, 107.0), (551.0, 193.0), (468.0, 196.0)]","dist: 33.66, yaw: -171.25, pitch: 1.34, roll: 59.37"
238,15,"[(455.0, 125.0), (540.0, 121.0), (544.0, 207.0), (460.0, 213.0)]","dist: 13.44, yaw: 52.37, pitch: -88.85, roll: 106.36"
239,15,"[(430.0, 145.0), (517.0, 140.0), (523.0, 227.0), (436.0, 234.0)]","dist: 6.34, yaw: -116.24, pitch: -38.33, roll: 153.78"
240,15,"[(425.0, 156.0), (513.0, 149.0), (520.0, 239.0), (433.0, 246.0)]","dist: 99.00, yaw: 158.57, pitch: 21.05, roll: -95.53"
241,15,"[(447.0, 156.0), (537.0, 151.0), (543.0, 241.0), (454.0, 247.0)]","dist: 32.24, yaw: 163.41, pitch: 86.61, roll: -36.25"
242,15,"[(459.0, 147.0), (551.0, 142.0), (556.0, 234.0), (465.0, 240.0)]","dist: 80.99, yaw: 149.35, pitch: 23.73, roll: -125.13"
243,15,"[(465.0, 143.0), (558.0, 137.0), (563.0, 230.0), (471.0, 236.0)]","dist: 25.46, yaw: -46.74, pitch: -43.24, roll: 177.29"
244,15,"[(478.0, 137.0), (572.0, 130.0), (579.0, 226.0), (485.0, 233.0)]","dist: 68.15, yaw: -174.44, pitch: 24.12, roll: 153.72"
245,15,"[(486.0, 130.0), (582.0, 124.0), (588.0, 221.0), (493.0, 228.0)]","dist: 76.02, yaw: 154.19, pitch: 7.20, roll: 14.38"
246,15,"[(496.0, 129.0), (593.0, 123.0), (599.0, 222.0), (503.0, 229.0)]","dist: 59.56, yaw: -25.85, pitch: 50.37, roll: 123.13"
247,15,"[(505.0, 139.0), (605.0, 133.0), (610.0, 232.0), (511.0, 239.0)]","dist: 47.16, yaw: 168.00, pitch: -70.74, roll: 7.54"
248,15,"[(515.0, 133.0), (616.0, 127.0), (621.0, 228.0), (521.0, 235.0)]","dist: 41.18, yaw: 166.90, pitch: 46.99, roll: 44.49"
249,15,"[(517.0, 140.0), (620.0, 134.0), (624.0, 237.0), (522.0, 243.0)]","dist: 34.89, yaw: 127.08, pitch: 7.43, roll: -147.92"
250,15,"[(519.0, 144.0), (623.0, 137.0), (628.0, 242.0), (524.0, 249.0)]","dist: 92.95, yaw: -74.00, pitch: 83.34, roll: 91.90"
251,15,"[(515.0, 148.0), (620.0, 142.0), (625.0, 247.0), (520.0, 254.0)]","dist: 83.06, yaw: -41.36, pitch: -28.46, roll: -134.02"
252,15,"[(501.0, 153.0), (608.0, 145.0), (614.0, 253.0), (508.0, 261.0)]","dist: 96.50, yaw: 126.41, pitch: 23.87, roll: 117.38"
253,15,"[(492.0, 171.0), (600.0, 162.0), (608.0, 271.0), (500.0, 279.0)]","dist: 12.43, yaw: -65.91, pitch: 77.77, roll: 101.53"
254,15,"[(500.0, 167.0), (610.0, 158.0), (618.0, 267.0), (510.0, 277.0)]","dist: 73.09, yaw: -118.98, pitch: -71.55, roll: 75.15"
255,15,"[(499.0, 171.0), (609.0, 161.0), (617.0, 271.0), (508.0, 280.0)]","dist: 93.83, yaw: 20.45, pitch: 78.70, roll: -166.98"
256,15,"[(504.0, 164.0), (615.0, 156.0), (622.0, 267.0), (512.0, 275.0)]","dist: 18.12, yaw: 157.02, pitch: 33.82, roll: -70.87"
257,15,"[(500.0, 166.0), (611.0, 157.0), (619.0, 268.0), (509.0, 278.0)]","dist: 6.65, yaw: 70.57, pitch: -77.79, roll: -85.28"
258,15,"[(497.0, 159.0), (608.0, 150.0), (616.0, 261.0), (506.0, 271.0)]","dist: 74.11, yaw: 25.22, pitch: -35.83, roll: -50.35"
259,15,"[(495.0, 159.0), (607.0, 149.0), (614.0, 261.0), (503.0, 270.0)]","dist: 57.45, yaw: -145.02, pitch: 37.47, roll: -148.45"
260,15,"[(496.0, 158.0), (608.0, 149.0), (615.0, 261.0), (505.0, 270.0)]","dist: 84.18, yaw: 41.40, pitch: -77.88, roll: 157.30"
261,15,"[(499.0, 160.0), (611.0, 151.0), (618.0, 264.0), (507.0, 271.0)]","dist: 13.98, yaw: 176.42, pitch: 14.79, roll: 19.37"
262,15,"[(501.0, 157.0), (614.0, 150.0), (620.0, 261.0), (508.0, 269.0)]","dist: 79.53, yaw: -129.57, pitch: -27.74, roll: -70.01"
263,15,"[(502.0, 151.0), (615.0, 144.0), (620.0, 257.0), (508.0, 263.0)]","dist: 20.16, yaw: 6.60, pitch: 21.76, roll: -37.09"
264,15,"[(499.0, 144.0), (611.0, 137.0), (616.0, 251.0), (504.0, 257.0)]","dist: 16.37, yaw: 135.85, pitch: -81.77, roll: -19.01"
265,15,"[(494.0, 144.0), (607.0, 139.0), (611.0, 252.0), (499.0, 258.0)]","dist: 16.43, yaw: 86.68, pitch: 66.88, roll: 36.21"
266,15,"[(490.0, 143.0), (602.0, 137.0), (607.0, 250.0), (496.0, 257.0)]","dist: 81.46, yaw: 70.93, pitch: 85.23, roll: 5.64"
267,15,"[(471.0, 139.0), (585.0, 134.0), (588.0, 247.0), (477.0, 253.0)]","dist: 66.52, yaw: 72.89, pitch: 84.40, roll: 150.98"
268,15,"[(454.0, 146.0), (566.0, 140.0), (571.0, 255.0), (461.0, 261.0)]","dist: 52.31, yaw: -50.58, pitch: 44.94, roll: -1.09"
269,15,"[(445.0, 148.0), (559.0, 143.0), (563.0, 257.0), (451.0, 263.0)]","dist: 35.88, yaw: -74.31, pitch: -66.58, roll: 177.18"
270,15,"[(441.0, 149.0), (555.0, 144.0), (559.0, 257.0), (447.0, 263.0)]","dist: 87.72, yaw: 111.37, pitch: 46.49, roll: 126.51"
271,15,"[(431.0, 143.0), (545.0, 138.0), (549.0, 251.0), (437.0, 257.0)]","dist: 39.24, yaw: 111.64, pitch: -85.57, roll: -104.94"
272,15,"[(395.0, 144.0), (509.0, 138.0), (514.0, 252.0), (402.0, 259.0)]","dist: 81.66, yaw: 132.15, pitch: -86.02, roll: 155.01"
273,15,"[(365.0, 147.0), (480.0, 140.0), (486.0, 254.0), (374.0, 262.0)]","dist: 43.91, yaw: 148.77, pitch: -31.75, roll: -138.11"
274,15,"[(334.0, 152.0), (449.0, 145.0), (457.0, 259.0), (343.0, 268.0)]","dist: 37.69, yaw: 4.08, pitch: -2.04, roll: 114.28"
275,15,"[(314.0, 168.0), (429.0, 160.0), (437.0, 274.0), (324.0, 283.0)]","dist: 46.27, yaw: 0.55, pitch: 48.67, roll: -42.98"
276,15,"[(294.0, 158.0), (408.0, 151.0), (417.0, 263.0), (304.0, 272.0)]","dist: 30.14, yaw: 107.39, pitch: 32.99, roll: 136.07"
277,15,"[(278.0, 142.0), (393.0, 136.0), (401.0, 251.0), (287.0, 258.0)]","dist: 74.76, yaw: 53.99, pitch: -9.74, roll: 132.50"
278,15,"[(242.0, 119.0), (359.0, 113.0), (367.0, 228.0), (252.0, 236.0)]","dist: 50.27, yaw: 72.71, pitch: -40.75, roll: 110.13"
279,15,"[(216.0, 133.0), (331.0, 127.0), (339.0, 242.0), (226.0, 250.0)]","dist: 23.22, yaw: 106.49, pitch: 89.48, roll: 104.41"
280,15,"[(197.0, 138.0), (314.0, 130.0), (323.0, 245.0), (209.0, 253.0)]","dist: 89.96, yaw: 140.40, pitch: -13.29, roll: -70.32"
281,15,"[(154.0, 155.0), (271.0, 146.0), (283.0, 261.0), (168.0, 271.0)]","dist: 38.39, yaw: -58.32, pitch: -8.75, roll: -150.87"
282,15,"[(138.0, 151.0), (257.0, 142.0), (269.0, 257.0), (153.0, 267.0)]","dist: 54.36, yaw: -44.79, pitch: -60.55, roll: -34.93"
283,15,"[(122.0, 157.0), (241.0, 148.0), (253.0, 263.0), (136.0, 273.0)]","dist: 90.65, yaw: -146.17, pitch: 53.07, roll: -117.53"
284,15,"[(108.0, 167.0), (227.0, 159.0), (239.0, 274.0), (122.0, 284.0)]","dist: 62.42, yaw: 28.18, pitch: 34.86, roll: 70.18"
285,15,"[(100.0, 180.0), (219.0, 171.0), (231.0, 285.0), (114.0, 296.0)]","dist: 11.69, yaw: -167.06, pitch: -50.26, roll: -55.40"
286,15,"[(86.0, 181.0), (204.0, 171.0), (216.0, 285.0), (100.0, 294.0)]","dist: 93.98, yaw: -12.38, pitch: -75.17, roll: 171.22"
287,15,"[(88.0, 170.0), (205.0, 163.0), (215.0, 277.0), (101.0, 284.0)]","dist: 62.77, yaw: 15.35, pitch: 32.49, roll: 50.75"
287,17,"[(410.0, 386.0), (387.0, 382.0), (393.0, 376.0), (401.0, 375.0)]","dist: 62.77, yaw: 15.35, pitch: 32.49, roll: 50.75"
288,15,"[(91.0, 171.0), (206.0, 166.0), (215.0, 278.0), (102.0, 284.0)]","dist: 33.49, yaw: -76.85, pitch: 27.81, roll: 116.09"
289,15,"[(93.0, 169.0), (205.0, 164.0), (213.0, 277.0), (103.0, 282.0)]","dist: 13.93, yaw: 32.70, pitch: -40.81, roll: -132.29"
290,15,"[(76.0, 176.0), (187.0, 169.0), (197.0, 282.0), (87.0, 288.0)]","dist: 79.40, yaw: -169.02, pitch: 81.16, roll: 130.33"
291,15,"[(51.0, 183.0), (164.0, 175.0), (175.0, 288.0), (63.0, 295.0)]","dist: 62.01, yaw: -166.55, pitch: -62.81, roll: 152.19"
292,15,"[(41.0, 183.0), (156.0, 176.0), (167.0, 288.0), (54.0, 295.0)]","dist: 53.35, yaw: 116.14, pitch: -12.18, roll: -4.66"
293,15,"[(35.0, 187.0), (150.0, 180.0), (161.0, 292.0), (48.0, 300.0)]","dist: 89.39, yaw: -50.33, pitch: 79.85, roll: 38.25"
293,17,"[(597.0, 661.0), (609.0, 666.0), (610.0, 668.0), (598.0, 664.0)]","dist: 89.39, yaw: -50.33, pitch: 79.85, roll: 38.25"
294,15,"[(29.0, 189.0), (144.0, 181.0), (156.0, 295.0), (43.0, 302.0)]","dist: 78.86, yaw: -134.26, pitch: -14.45, roll: 95.33"
295,15,"[(11.0, 192.0), (128.0, 184.0), (141.0, 296.0), (25.0, 305.0)]","dist: 15.17, yaw: 8.01, pitch: 24.93, roll: -117.06"
302,15,"[(14.0, 200.0), (131.0, 192.0), (142.0, 303.0), (29.0, 311.0)]","dist: 87.68, yaw: 14.63, pitch: -51.64, roll: -131.34"
303,15,"[(35.0, 192.0), (149.0, 185.0), (161.0, 295.0), (47.0, 303.0)]","dist: 34.21, yaw: 49.47, pitch: -84.40, roll: 166.72"
304,15,"[(52.0, 181.0), (164.0, 174.0), (177.0, 285.0), (66.0, 292.0)]","dist: 82.13, yaw: 81.39, pitch: 27.30, roll: 17.83"
305,15,"[(87.0, 172.0), (198.0, 163.0), (211.0, 273.0), (101.0, 282.0)]","dist: 11.06, yaw: 171.31, pitch: -23.67, roll: 167.70"
306,15,"[(102.0, 171.0), (214.0, 164.0), (226.0, 275.0), (116.0, 283.0)]","dist: 84.65, yaw: 5.87, pitch: 65.58, roll: -24.30"
307,15,"[(107.0, 181.0), (221.0, 175.0), (230.0, 286.0), (118.0, 293.0)]","dist: 12.75, yaw: -63.74, pitch: -4.82, roll: -67.75"
308,15,"[(106.0, 186.0), (221.0, 180.0), (230.0, 292.0), (117.0, 299.0)]","dist: 39.73, yaw: 106.27, pitch: 84.27, roll: 2.21"
309,15,"[(106.0, 201.0), (222.0, 193.0), (234.0, 307.0), (119.0, 316.0)]","dist: 79.73, yaw: -82.50, pitch: -56.61, roll: -21.78"
310,15,"[(131.0, 216.0), (247.0, 209.0), (259.0, 322.0), (144.0, 331.0)]","dist: 14.99, yaw: -21.97, pitch: 66.35, roll: -141.96"
311,15,"[(160.0, 222.0), (276.0, 214.0), (287.0, 326.0), (171.0, 335.0)]","dist: 22.93, yaw: -151.76, pitch: 49.79, roll: 50.70"
312,15,"[(164.0, 222.0), (282.0, 212.0), (293.0, 326.0), (178.0, 336.0)]","dist: 72.23, yaw: -170.87, pitch: 48.77, roll: -102.23"
313,15,"[(182.0, 207.0), (300.0, 198.0), (311.0, 311.0), (195.0, 321.0)]","dist: 72.00, yaw: 166.55, pitch: 62.06, roll: 43.05"
314,15,"[(211.0, 200.0), (327.0, 193.0), (337.0, 306.0), (222.0, 314.0)]","dist: 64.11, yaw: 120.95, pitch: 46.98, roll: 54.07"
315,15,"[(237.0, 193.0), (353.0, 185.0), (363.0, 299.0), (248.0, 307.0)]","dist: 69.39, yaw: 70.55, pitch: 22.72, roll: -125.27"
316,15,"[(278.0, 180.0), (393.0, 173.0), (402.0, 287.0), (287.0, 294.0)]","dist: 54.27, yaw: -32.78, pitch: -66.38, roll: -157.91"
317,15,"[(304.0, 172.0), (418.0, 167.0), (426.0, 280.0), (311.0, 287.0)]","dist: 25.18, yaw: -117.61, pitch: -84.15, roll: 101.07"
318,15,"[(311.0, 168.0), (426.0, 162.0), (433.0, 279.0), (318.0, 283.0)]","dist: 34.57, yaw: -123.68, pitch: 75.75, roll: -14.47"
319,15,"[(312.0, 168.0), (428.0, 161.0), (435.0, 278.0), (321.0, 284.0)]","dist: 18.16, yaw: -89.91, pitch: 21.00, roll: -159.06"
320,15,"[(306.0, 182.0), (423.0, 176.0), (429.0, 292.0), (314.0, 298.0)]","dist: 90.85, yaw: 17.72, pitch: 53.38, roll: 178.15"
321,15,"[(300.0, 195.0), (418.0, 188.0), (426.0, 304.0), (310.0, 312.0)]","dist: 58.34, yaw: 77.25, pitch: -3.33, roll: -159.20"
322,15,"[(300.0, 199.0), (418.0, 190.0), (428.0, 306.0), (312.0, 315.0)]","dist: 40.09, yaw: 57.67, pitch: -68.88, roll: 70.21"
323,15,"[(316.0, 204.0), (434.0, 196.0), (443.0, 312.0), (327.0, 321.0)]","dist: 46.20, yaw: -79.22, pitch: -67.47, roll: 174.12"
324,15,"[(322.0, 207.0), (440.0, 200.0), (449.0, 315.0), (333.0, 324.0)]","dist: 94.73, yaw: 163.75, pitch: 33.40, roll: -93.90"
325,15,"[(322.0, 207.0), (440.0, 200.0), (449.0, 315.0), (333.0, 324.0)]","dist: 15.34, yaw: 85.64, pitch: -12.54, roll: -128.79"
326,15,"[(340.0, 203.0), (457.0, 197.0), (465.0, 314.0), (349.0, 319.0)]","dist: 58.62, yaw: 19.57, pitch: -53.91, roll: -136.30"
327,15,"[(356.0, 198.0), (473.0, 193.0), (480.0, 312.0), (364.0, 315.0)]","dist: 50.59, yaw: 40.22, pitch: -1.51, roll: -70.82"
328,15,"[(368.0, 194.0), (486.0, 188.0), (492.0, 304.0), (377.0, 311.0)]","dist: 61.15, yaw: -28.94, pitch: -78.44, roll: -143.62"
329,15,"[(380.0, 184.0), (498.0, 179.0), (503.0, 295.0), (386.0, 301.0)]","dist: 1.81, yaw: -90.82, pitch: 14.75, roll: 69.18"
330,15,"[(388.0, 191.0), (505.0, 186.0), (511.0, 304.0), (394.0, 308.0)]","dist: 87.21, yaw: -51.85, pitch: -41.58, roll: -157.57"
331,15,"[(396.0, 198.0), (513.0, 195.0), (517.0, 312.0), (402.0, 316.0)]","dist: 93.21, yaw: 92.82, pitch: 53.56, roll: 3.39"
332,15,"[(400.0, 203.0), (517.0, 199.0), (521.0, 316.0), (406.0, 320.0)]","dist: 56.51, yaw: -174.82, pitch: -34.13, roll: 178.81"
333,15,"[(404.0, 203.0), (522.0, 199.0), (526.0, 316.0), (410.0, 321.0)]","dist: 69.67, yaw: -138.21, pitch: -8.06, roll: 113.03"
334,15,"[(393.0, 207.0), (511.0, 201.0), (516.0, 316.0), (400.0, 323.0)]","dist: 92.25, yaw: -163.44, pitch: -87.91, roll: 41.48"
335,15,"[(384.0, 205.0), (500.0, 199.0), (507.0, 315.0), (392.0, 323.0)]","dist: 70.72, yaw: -165.34, pitch: -76.96, roll: -69.75"
336,15,"[(399.0, 202.0), (515.0, 197.0), (522.0, 312.0), (408.0, 320.0)]","dist: 15.25, yaw: 127.97, pitch: -19.35, roll: 44.60"
337,15,"[(416.0, 199.0), (531.0, 194.0), (538.0, 311.0), (424.0, 317.0)]","dist: 57.63, yaw: 73.32, pitch: -3.61, roll: 9.73"
338,15,"[(446.0, 198.0), (562.0, 192.0), (569.0, 308.0), (455.0, 316.0)]","dist: 60.67, yaw: -9.30, pitch: 18.00, roll: -26.61"
339,15,"[(475.0, 198.0), (592.0, 192.0), (597.0, 308.0), (483.0, 315.0)]","dist: 42.41, yaw: -144.78, pitch: -37.50, roll: -132.94"
340,15,"[(513.0, 193.0), (629.0, 187.0), (635.0, 304.0), (520.0, 311.0)]","dist: 73.64, yaw: -3.02, pitch: 35.10, roll: 139.18"
341,15,"[(550.0, 189.0), (668.0, 184.0), (672.0, 301.0), (555.0, 307.0)]","dist: 93.44, yaw: -9.55, pitch: 64.82, roll: -18.08"
342,15,"[(560.0, 191.0), (677.0, 191.0), (675.0, 309.0), (559.0, 310.0)]","dist: 92.56, yaw: -117.65, pitch: 50.37, roll: -109.94"
343,15,"[(554.0, 192.0), (671.0, 193.0), (668.0, 310.0), (552.0, 310.0)]","dist: 45.08, yaw: -23.81, pitch: -82.87, roll: -47.61"
344,15,"[(544.0, 189.0), (661.0, 190.0), (659.0, 306.0), (544.0, 307.0)]","dist: 11.32, yaw: -36.54, pitch: -3.51, roll: -30.91"
345,15,"[(541.0, 195.0), (656.0, 191.0), (658.0, 308.0), (544.0, 311.0)]","dist: 98.48, yaw: 41.71, pitch: -71.11, roll: 117.91"
346,15,"[(551.0, 199.0), (665.0, 195.0), (668.0, 311.0), (554.0, 315.0)]","dist: 83.89, yaw: 48.63, pitch: -46.43, roll: 84.10"
347,15,"[(559.0, 202.0), (673.0, 199.0), (676.0, 314.0), (562.0, 318.0)]","dist: 12.47, yaw: -163.69, pitch: 87.60, roll: 96.95"
348,15,"[(569.0, 203.0), (682.0, 200.0), (685.0, 315.0), (572.0, 319.0)]","dist: 92.08, yaw: -45.14, pitch: -64.35, roll: -176.03"
349,15,"[(574.0, 201.0), (687.0, 197.0), (690.0, 311.0), (578.0, 316.0)]","dist: 86.99, yaw: 45.31, pitch: -0.20, roll: -30.18"
350,15,"[(575.0, 200.0), (688.0, 196.0), (690.0, 310.0), (579.0, 315.0)]","dist: 51.88, yaw: 1.13, pitch: 21.27, roll: -6.72"
351,15,"[(575.0, 195.0), (686.0, 193.0), (688.0, 307.0), (577.0, 311.0)]","dist: 59.13, yaw: 128.34, pitch: 36.44, roll: -173.09"
352,15,"[(584.0, 194.0), (696.0, 192.0), (697.0, 306.0), (586.0, 309.0)]","dist: 39.90, yaw: 57.13, pitch: 10.74, roll: -86.47"
353,15,"[(580.0, 191.0), (691.0, 189.0), (693.0, 303.0), (582.0, 307.0)]","dist: 5.48, yaw: -121.34, pitch: -88.24, roll: 93.70"
354,15,"[(575.0, 190.0), (686.0, 188.0), (687.0, 302.0), (576.0, 305.0)]","dist: 33.52, yaw: -154.60, pitch: -31.24, roll: -130.64"
355,15,"[(532.0, 188.0), (644.0, 186.0), (645.0, 300.0), (533.0, 303.0)]","dist: 80.29, yaw: 51.27, pitch: 3.19, roll: 12.71"
356,15,"[(482.0, 190.0), (595.0, 187.0), (597.0, 301.0), (485.0, 306.0)]","dist: 0.46, yaw: -170.46, pitch: -74.18, roll: -102.53"
357,15,"[(470.0, 189.0), (583.0, 186.0), (586.0, 300.0), (473.0, 305.0)]","dist: 33.35, yaw: 30.88, pitch: -26.89, roll: -175.64"
358,15,"[(416.0, 188.0), (532.0, 187.0), (533.0, 303.0), (419.0, 306.0)]","dist: 39.82, yaw: 158.48, pitch: -84.02, roll: -93.17"
359,15,"[(391.0, 166.0), (508.0, 166.0), (510.0, 282.0), (393.0, 284.0)]","dist: 53.74, yaw: 27.17, pitch: -75.86, roll: 171.31"
360,15,"[(373.0, 164.0), (493.0, 162.0), (495.0, 280.0), (377.0, 283.0)]","dist: 91.99, yaw: -40.26, pitch: -18.55, roll: 108.55"
361,15,"[(351.0, 168.0), (470.0, 165.0), (475.0, 285.0), (356.0, 289.0)]","dist: 34.63, yaw: 51.58, pitch: -66.11, roll: 165.45"
362,15,"[(336.0, 183.0), (457.0, 179.0), (462.0, 297.0), (343.0, 303.0)]","dist: 34.70, yaw: -15.03, pitch: 12.16, roll: -4.37"
363,15,"[(330.0, 170.0), (450.0, 166.0), (456.0, 284.0), (337.0, 290.0)]","dist: 73.75, yaw: 16.42, pitch: 34.10, roll: -140.49"
364,15,"[(317.0, 173.0), (438.0, 168.0), (444.0, 288.0), (325.0, 294.0)]","dist: 45.22, yaw: 158.93, pitch: 54.11, roll: 17.27"
365,15,"[(313.0, 168.0), (434.0, 164.0), (441.0, 285.0), (321.0, 291.0)]","dist: 22.46, yaw: -41.00, pitch: -53.97, roll: -16.42"
366,15,"[(312.0, 171.0), (434.0, 166.0), (441.0, 287.0), (321.0, 294.0)]","dist: 45.24, yaw: 166.03, pitch: -59.85, roll: 123.97"
367,15,"[(315.0, 175.0), (439.0, 169.0), (447.0, 291.0), (324.0, 299.0)]","dist: 14.09, yaw: 145.93, pitch: -71.18, roll: -144.69"
368,15,"[(314.0, 187.0), (439.0, 181.0), (447.0, 304.0), (323.0, 312.0)]","dist: 17.64, yaw: -109.52, pitch: 24.56, roll: -4.23"
369,15,"[(322.0, 186.0), (450.0, 180.0), (459.0, 306.0), (332.0, 315.0)]","dist: 49.84, yaw: -155.03, pitch: 37.17, roll: -125.98"
370,15,"[(337.0, 185.0), (469.0, 179.0), (478.0, 308.0), (349.0, 317.0)]","dist: 41.89, yaw: -143.72, pitch: -84.31, roll: -63.12"
371,15,"[(393.0, 182.0), (529.0, 175.0), (540.0, 311.0), (404.0, 320.0)]","dist: 91.48, yaw: -173.44, pitch: 78.52, roll: 85.45"
372,15,"[(406.0, 187.0), (545.0, 180.0), (553.0, 317.0), (416.0, 325.0)]","dist: 36.24, yaw: -146.00, pitch: -80.65, roll: -8.63"
373,15,"[(459.0, 153.0), (603.0, 146.0), (609.0, 290.0), (468.0, 297.0)]","dist: 58.06, yaw: 65.88, pitch: 7.43, roll: -44.68"
374,15,"[(479.0, 152.0), (626.0, 144.0), (632.0, 293.0), (486.0, 300.0)]","dist: 63.23, yaw: -154.37, pitch: 37.63, roll: -37.99"
375,15,"[(477.0, 171.0), (627.0, 163.0), (632.0, 312.0), (484.0, 320.0)]","dist: 1.31, yaw: -65.17, pitch: 66.77, roll: -14.60"
376,15,"[(470.0, 180.0), (622.0, 172.0), (628.0, 323.0), (478.0, 331.0)]","dist: 66.35, yaw: 124.16, pitch: 38.54, roll: 102.61"
377,15,"[(470.0, 183.0), (623.0, 174.0), (630.0, 326.0), (480.0, 334.0)]","dist: 17.80, yaw: -171.62, pitch: 54.31, roll: 141.15"
378,15,"[(482.0, 182.0), (637.0, 173.0), (644.0, 326.0), (492.0, 335.0)]","dist: 96.11, yaw: 113.21, pitch: -28.90, roll: 163.92"
379,15,"[(485.0, 179.0), (640.0, 170.0), (647.0, 323.0), (494.0, 332.0)]","dist: 14.87, yaw: -78.53, pitch: 56.67, roll: 103.29"
380,15,"[(494.0, 169.0), (650.0, 161.0), (656.0, 317.0), (502.0, 325.0)]","dist: 41.46, yaw: -137.46, pitch: -75.58, roll: -66.45"
381,15,"[(494.0, 168.0), (652.0, 160.0), (657.0, 315.0), (502.0, 323.0)]","dist: 8.53, yaw: 70.83, pitch: 71.07, roll: 67.73"
382,15,"[(496.0, 163.0), (655.0, 155.0), (659.0, 312.0), (503.0, 320.0)]","dist: 99.69, yaw: 46.42, pitch: 8.57, roll: -22.46"
383,15,"[(495.0, 160.0), (654.0, 152.0), (660.0, 310.0), (504.0, 319.0)]","dist: 50.22, yaw: 135.89, pitch: 57.11, roll: -88.32"
384,15,"[(494.0, 156.0), (655.0, 148.0), (659.0, 306.0), (503.0, 314.0)]","dist: 59.54, yaw: 84.63, pitch: -8.58, roll: 122.71"
385,15,"[(494.0, 156.0), (654.0, 147.0), (659.0, 307.0), (502.0, 315.0)]","dist: 6.71, yaw: 109.25, pitch: 25.84, roll: -166.17"
386,15,"[(492.0, 154.0), (651.0, 146.0), (657.0, 306.0), (500.0, 314.0)]","dist: 75.00, yaw: -78.47, pitch: 4.75, roll: 144.63"
387,15,"[(494.0, 150.0), (654.0, 142.0), (659.0, 302.0), (501.0, 309.0)]","dist: 20.99, yaw: -116.12, pitch: 41.69, roll: -13.87"
388,15,"[(487.0, 143.0), (647.0, 136.0), (650.0, 297.0), (493.0, 303.0)]","dist: 89.81, yaw: 90.22, pitch: -75.31, roll: 49.39"
389,15,"[(471.0, 132.0), (631.0, 125.0), (634.0, 284.0), (477.0, 290.0)]","dist: 20.51, yaw: 110.46, pitch: -79.14, roll: 57.37"
390,15,"[(467.0, 126.0), (627.0, 120.0), (630.0, 278.0), (475.0, 285.0)]","dist: 19.07, yaw: 176.58, pitch: -45.52, roll: 142.24"
391,15,"[(458.0, 137.0), (612.0, 130.0), (617.0, 285.0), (465.0, 292.0)]","dist: 3.65, yaw: -31.46, pitch: -61.28, roll: 49.20"
392,15,"[(454.0, 141.0), (608.0, 134.0), (612.0, 287.0), (462.0, 295.0)]","dist: 47.21, yaw: -46.07, pitch: 66.92, roll: 41.02"
393,15,"[(442.0, 162.0), (589.0, 153.0), (597.0, 302.0), (452.0, 312.0)]","dist: 56.48, yaw: 99.51, pitch: -50.54, roll: -156.01"
394,15,"[(439.0, 172.0), (581.0, 163.0), (588.0, 303.0), (449.0, 313.0)]","dist: 6.57, yaw: -57.31, pitch: 85.66, roll: 6.63"
395,15,"[(439.0, 166.0), (578.0, 158.0), (584.0, 295.0), (449.0, 305.0)]","dist: 77.55, yaw: 155.07, pitch: -29.36, roll: -125.94"
396,15,"[(435.0, 159.0), (570.0, 151.0), (577.0, 283.0), (445.0, 292.0)]","dist: 45.33, yaw: 129.03, pitch: -57.22, roll: 85.48"
397,15,"[(432.0, 143.0), (561.0, 136.0), (567.0, 264.0), (441.0, 272.0)]","dist: 52.44, yaw: -25.56, pitch: 52.15, roll: 4.40"
398,15,"[(432.0, 142.0), (559.0, 134.0), (565.0, 260.0), (441.0, 268.0)]","dist: 44.08, yaw: 90.31, pitch: 28.57, roll: 64.88"
399,15,"[(433.0, 146.0), (555.0, 138.0), (561.0, 260.0), (442.0, 268.0)]","dist: 40.08, yaw: 91.64, pitch: -0.32, roll: -165.00"
400,15,"[(427.0, 148.0), (547.0, 139.0), (554.0, 259.0), (437.0, 268.0)]","dist: 55.96, yaw: -142.88, pitch: 9.97, roll: -149.47"
401,15,"[(413.0, 161.0), (528.0, 152.0), (535.0, 267.0), (422.0, 276.0)]","dist: 15.52, yaw: 144.92, pitch: 39.46, roll: 77.88"
402,15,"[(411.0, 164.0), (521.0, 157.0), (528.0, 267.0), (419.0, 275.0)]","dist: 18.19, yaw: 1.89, pitch: -48.88, roll: -154.05"
403,15,"[(411.0, 165.0), (519.0, 158.0), (525.0, 265.0), (419.0, 272.0)]","dist: 86.18, yaw: 117.52, pitch: 89.34, roll: -154.35"
404,15,"[(418.0, 170.0), (523.0, 165.0), (528.0, 269.0), (425.0, 275.0)]","dist: 94.61, yaw: -64.78, pitch: 85.46, roll: -175.64"
405,15,"[(428.0, 176.0), (529.0, 171.0), (535.0, 273.0), (435.0, 279.0)]","dist: 37.33, yaw: 142.39, pitch: 27.06, roll: 164.34"
406,15,"[(443.0, 193.0), (542.0, 188.0), (547.0, 287.0), (449.0, 293.0)]","dist: 27.07, yaw: -39.89, pitch: -54.08, roll: 85.50"
407,15,"[(463.0, 204.0), (560.0, 198.0), (567.0, 295.0), (470.0, 302.0)]","dist: 64.40, yaw: -176.10, pitch: 32.44, roll: -52.83"
408,15,"[(450.0, 215.0), (545.0, 210.0), (549.0, 304.0), (455.0, 309.0)]","dist: 40.87, yaw: 145.94, pitch: -77.00, roll: -73.25"
409,15,"[(443.0, 199.0), (536.0, 196.0), (539.0, 288.0), (447.0, 291.0)]","dist: 2.54, yaw: -147.14, pitch: -84.48, roll: -54.11"
410,15,"[(444.0, 192.0), (535.0, 189.0), (538.0, 282.0), (447.0, 284.0)]","dist: 15.62, yaw: -65.05, pitch: -43.62, roll: 98.88"
411,15,"[(474.0, 196.0), (562.0, 193.0), (563.0, 284.0), (475.0, 285.0)]","dist: 71.60, yaw: 162.02, pitch: -6.73, roll: 58.09"
412,15,"[(485.0, 199.0), (573.0, 198.0), (575.0, 286.0), (488.0, 286.0)]","dist: 65.89, yaw: 162.22, pitch: 66.29, roll: -113.33"
413,15,"[(490.0, 226.0), (576.0, 227.0), (574.0, 313.0), (489.0, 311.0)]","dist: 2.71, yaw: 26.44, pitch: 40.89, roll: -117.32"
414,15,"[(489.0, 226.0), (574.0, 228.0), (571.0, 313.0), (487.0, 311.0)]","dist: 22.20, yaw: 47.46, pitch: 43.69, roll: -144.58"
415,15,"[(487.0, 194.0), (571.0, 195.0), (569.0, 280.0), (485.0, 279.0)]","dist: 23.11, yaw: -18.56, pitch: -13.41, roll: 57.71"
416,15,"[(467.0, 178.0), (552.0, 176.0), (552.0, 260.0), (469.0, 262.0)]","dist: 67.19, yaw: -74.44, pitch: -27.73, roll: 95.17"
417,15,"[(447.0, 196.0), (529.0, 192.0), (532.0, 275.0), (451.0, 279.0)]","dist: 1.97, yaw: -61.68, pitch: -23.21, roll: -84.58"
418,15,"[(415.0, 212.0), (495.0, 209.0), (498.0, 288.0), (419.0, 292.0)]","dist: 10.41, yaw: 62.11, pitch: 87.78, roll: -172.46"
419,15,"[(410.0, 202.0), (489.0, 199.0), (492.0, 279.0), (415.0, 282.0)]","dist: 79.99, yaw: 90.85, pitch: -82.78, roll: -150.42"
420,15,"[(466.0, 259.0), (543.0, 257.0), (548.0, 335.0), (472.0, 336.0)]","dist: 17.85, yaw: 104.97, pitch: 66.07, roll: 168.43"
421,15,"[(516.0, 266.0), (593.0, 264.0), (597.0, 338.0), (521.0, 342.0)]","dist: 65.27, yaw: 104.26, pitch: 14.16, roll: -73.64"
422,15,"[(481.0, 266.0), (558.0, 262.0), (561.0, 337.0), (486.0, 342.0)]","dist: 23.82, yaw: -147.17, pitch: -11.05, roll: 96.92"
423,15,"[(467.0, 212.0), (543.0, 204.0), (550.0, 279.0), (475.0, 287.0)]","dist: 9.94, yaw: -2.01, pitch: 40.55, roll: 44.88"
424,15,"[(468.0, 209.0), (543.0, 203.0), (549.0, 280.0), (474.0, 287.0)]","dist: 24.32, yaw: -159.28, pitch: -2.40, roll: -42.50"
425,15,"[(478.0, 204.0), (553.0, 198.0), (558.0, 275.0), (482.0, 280.0)]","dist: 72.23, yaw: 17.83, pitch: 67.22, roll: -105.95"
426,15,"[(512.0, 195.0), (588.0, 192.0), (591.0, 269.0), (515.0, 272.0)]","dist: 85.57, yaw: -21.05, pitch: 72.13, roll: -136.30"
427,15,"[(532.0, 199.0), (608.0, 197.0), (610.0, 274.0), (533.0, 275.0)]","dist: 83.02, yaw: 139.57, pitch: -14.09, roll: 41.40"
428,15,"[(540.0, 204.0), (617.0, 203.0), (617.0, 280.0), (541.0, 281.0)]","dist: 39.72, yaw: -53.67, pitch: -40.17, roll: 98.87"
429,15,"[(525.0, 209.0), (602.0, 210.0), (599.0, 287.0), (523.0, 286.0)]","dist: 66.81, yaw: -137.86, pitch: 16.62, roll: 51.81"
430,15,"[(506.0, 219.0), (582.0, 221.0), (580.0, 297.0), (503.0, 296.0)]","dist: 20.50, yaw: -128.52, pitch: 74.23, roll: 10.91"
431,15,"[(490.0, 203.0), (567.0, 207.0), (564.0, 282.0), (487.0, 280.0)]","dist: 29.31, yaw: 94.14, pitch: -52.08, roll: -164.90"
432,15,"[(485.0, 199.0), (562.0, 202.0), (558.0, 279.0), (482.0, 276.0)]","dist: 89.63, yaw: 42.56, pitch: 22.13, roll: 168.66"
433,15,"[(468.0, 189.0), (544.0, 194.0), (539.0, 271.0), (463.0, 267.0)]","dist: 1.30, yaw: -143.60, pitch: 23.68, roll: 107.54"
434,15,"[(453.0, 182.0), (530.0, 188.0), (524.0, 265.0), (448.0, 260.0)]","dist: 8.55, yaw: -149.72, pitch: 41.96, roll: -74.58"
435,15,"[(444.0, 176.0), (522.0, 183.0), (515.0, 260.0), (438.0, 253.0)]","dist: 20.79, yaw: 72.35, pitch: -66.32, roll: 172.79"
436,15,"[(446.0, 171.0), (523.0, 179.0), (515.0, 256.0), (439.0, 249.0)]","dist: 2.65, yaw: -153.81, pitch: 38.85, roll: 36.68"
437,15,"[(442.0, 168.0), (519.0, 176.0), (511.0, 254.0), (435.0, 246.0)]","dist: 18.14, yaw: 115.87, pitch: 73.63, roll: 29.67"
438,15,"[(442.0, 155.0), (519.0, 164.0), (510.0, 242.0), (434.0, 233.0)]","dist: 58.30, yaw: 74.25, pitch: -57.66, roll: 89.31"
439,15,"[(437.0, 151.0), (514.0, 162.0), (504.0, 238.0), (428.0, 229.0)]","dist: 42.14, yaw: -150.71, pitch: -47.24, roll: 112.24"
440,15,"[(434.0, 152.0), (510.0, 162.0), (501.0, 239.0), (425.0, 230.0)]","dist: 89.27, yaw: -149.46, pitch: 84.85, roll: 56.33"
441,15,"[(426.0, 148.0), (503.0, 157.0), (495.0, 234.0), (418.0, 224.0)]","dist: 81.74, yaw: 175.19, pitch: -57.42, roll: -133.89"
442,15,"[(425.0, 143.0), (503.0, 153.0), (494.0, 229.0), (418.0, 220.0)]","dist: 34.18, yaw: -45.26, pitch: 63.79, roll: -58.22"
443,15,"[(421.0, 138.0), (498.0, 148.0), (489.0, 224.0), (413.0, 215.0)]","dist: 25.94, yaw: -46.57, pitch: -1.39, roll: 154.11"
444,15,"[(415.0, 136.0), (492.0, 145.0), (484.0, 222.0), (408.0, 214.0)]","dist: 37.97, yaw: 112.61, pitch: -45.50, roll: -99.14"
445,15,"[(415.0, 135.0), (492.0, 144.0), (484.0, 221.0), (407.0, 212.0)]","dist: 59.03, yaw: 161.01, pitch: 66.73, roll: -46.02"
446,15,"[(414.0, 135.0), (490.0, 145.0), (481.0, 222.0), (405.0, 213.0)]","dist: 26.81, yaw: 174.96, pitch: -9.85, roll: -24.45"
447,15,"[(419.0, 135.0), (495.0, 145.0), (486.0, 222.0), (410.0, 213.0)]","dist: 62.41, yaw: 91.22, pitch: 2.67, roll: -21.81"
448,15,"[(418.0, 132.0), (495.0, 142.0), (486.0, 219.0), (410.0, 210.0)]","dist: 40.94, yaw: -44.55, pitch: -25.34, roll: 40.66"
449,15,"[(417.0, 133.0), (494.0, 142.0), (486.0, 219.0), (410.0, 210.0)]","dist: 55.20, yaw: -149.94, pitch: 16.73, roll: 159.51"
450,15,"[(419.0, 129.0), (495.0, 138.0), (488.0, 215.0), (411.0, 207.0)]","dist: 43.61, yaw: 99.77, pitch: -60.57, roll: -93.35"
451,15,"[(420.0, 131.0), (497.0, 140.0), (489.0, 217.0), (412.0, 209.0)]","dist: 29.45, yaw: 21.03, pitch: -19.61, roll: -136.26"
452,15,"[(421.0, 132.0), (497.0, 142.0), (489.0, 218.0), (412.0, 210.0)]","dist: 94.85, yaw: -27.28, pitch: 84.49, roll: -108.91"
453,15,"[(417.0, 130.0), (493.0, 139.0), (485.0, 217.0), (409.0, 209.0)]","dist: 76.36, yaw: 146.29, pitch: -43.54, roll: 139.29"
454,15,"[(416.0, 128.0), (493.0, 137.0), (485.0, 215.0), (408.0, 206.0)]","dist: 14.01, yaw: -139.97, pitch: 28.21, roll: 52.49"
455,15,"[(408.0, 121.0), (486.0, 129.0), (479.0, 207.0), (402.0, 199.0)]","dist: 86.85, yaw: -2.65, pitch: -31.47, roll: -77.07"
456,15,"[(407.0, 113.0), (484.0, 121.0), (477.0, 199.0), (400.0, 193.0)]","dist: 48.74, yaw: -175.91, pitch: 49.23, roll: 113.74"
457,15,"[(396.0, 98.0), (475.0, 106.0), (468.0, 184.0), (391.0, 177.0)]","dist: 89.46, yaw: -11.28, pitch: -66.44, roll: 130.09"
458,15,"[(393.0, 91.0), (471.0, 98.0), (465.0, 177.0), (388.0, 171.0)]","dist: 79.99, yaw: -159.73, pitch: 84.57, roll: 124.75"
459,15,"[(393.0, 81.0), (472.0, 89.0), (466.0, 168.0), (389.0, 162.0)]","dist: 42.52, yaw: -137.23, pitch: -8.32, roll: 150.81"
460,15,"[(393.0, 78.0), (471.0, 84.0), (467.0, 164.0), (388.0, 158.0)]","dist: 2.25, yaw: -137.69, pitch: -47.51, roll: -89.19"
461,15,"[(387.0, 78.0), (466.0, 85.0), (461.0, 164.0), (383.0, 159.0)]","dist: 26.87, yaw: 53.72, pitch: -76.77, roll: 91.82"
462,15,"[(383.0, 78.0), (462.0, 85.0), (457.0, 164.0), (379.0, 159.0)]","dist: 54.16, yaw: 88.58, pitch: -59.44, roll: -14.21"
463,15,"[(380.0, 75.0), (459.0, 81.0), (455.0, 161.0), (377.0, 156.0)]","dist: 63.35, yaw: 30.01, pitch: 3.56, roll: 123.12"
464,15,"[(380.0, 75.0), (459.0, 81.0), (454.0, 161.0), (377.0, 156.0)]","dist: 25.79, yaw: 166.38, pitch: -29.34, roll: 82.26"
